YEAR,GENRE,COUNT
1873,喜剧,1
1875,剧情,1
1875,犯罪,1
1898,喜剧,10
1900,传记,1
1900,儿童,1
1900,剧情,2
1900,家庭,1
1900,犯罪,1
1901,喜剧,1
1904,喜剧,1
1905,动画,1
1905,喜剧,1
1906,传记,1
1906,剧情,2
1906,历史,1
1906,喜剧,1
1906,犯罪,1
1906,科幻,1
1907,剧情,4
1907,动画,2
1907,喜剧,2
1908,冒险,1
1908,剧情,2
1908,动画,1
1908,古装,1
1908,喜剧,4
1908,悬疑,1
1908,犯罪,1
1909,传记,1
1909,剧情,5
1909,动画,1
1909,历史,1
1909,喜剧,9
1909,奇幻,1
1909,家庭,1
1909,悬疑,1
1909,爱情,1
1910,传记,2
1910,剧情,10
1910,动作,1
1910,历史,2
1910,喜剧,8
1910,恐怖,2
1910,爱情,1
1910,犯罪,1
1911,冒险,2
1911,剧情,11
1911,动画,1
1911,历史,1
1911,喜剧,8
1911,奇幻,1
1911,爱情,4
1911,犯罪,4
1912,传记,1
1912,冒险,1
1912,剧情,14
1912,动作,1
1912,动画,1
1912,喜剧,9
1912,恐怖,1
1912,爱情,2
1912,犯罪,3
1913,传记,1
1913,冒险,1
1913,剧情,29
1913,动作,1
1913,喜剧,7
1913,奇幻,2
1913,恐怖,1
1913,惊悚,2
1913,歌舞,1
1913,爱情,3
1913,犯罪,5
1914,传记,4
1914,冒险,8
1914,剧情,41
1914,动作,6
1914,历史,4
1914,喜剧,13
1914,奇幻,1
1914,恐怖,4
1914,悬疑,6
1914,惊悚,2
1914,战争,4
1914,爱情,11
1914,犯罪,9
1914,西部,1
1915,传记,3
1915,冒险,9
1915,剧情,50
1915,动作,5
1915,历史,4
1915,喜剧,31
1915,恐怖,4
1915,悬疑,18
1915,惊悚,1
1915,战争,3
1915,爱情,30
1915,犯罪,14
1915,科幻,1
1915,西部,5
1916,传记,1
1916,冒险,8
1916,剧情,55
1916,动作,15
1916,动画,2
1916,历史,3
1916,喜剧,26
1916,奇幻,3
1916,恐怖,4
1916,悬疑,18
1916,惊悚,6
1916,战争,5
1916,爱情,36
1916,犯罪,17
1916,科幻,3
1916,西部,2
1917,传记,6
1917,冒险,8
1917,剧情,62
1917,动作,6
1917,动画,4
1917,历史,8
1917,喜剧,28
1917,奇幻,6
1917,家庭,1
1917,恐怖,2
1917,悬疑,18
1917,惊悚,3
1917,战争,4
1917,爱情,39
1917,犯罪,14
1917,西部,6
1917,音乐,1
1918,传记,3
1918,冒险,9
1918,剧情,61
1918,动作,6
1918,动画,3
1918,历史,1
1918,喜剧,32
1918,奇幻,1
1918,家庭,1
1918,恐怖,3
1918,悬疑,18
1918,惊悚,1
1918,战争,3
1918,爱情,48
1918,犯罪,8
1918,科幻,1
1918,西部,5
1918,运动,1
1919,传记,3
1919,儿童,1
1919,冒险,17
1919,剧情,79
1919,动作,13
1919,动画,1
1919,历史,3
1919,同性,1
1919,喜剧,34
1919,奇幻,3
1919,恐怖,5
1919,悬疑,19
1919,惊悚,5
1919,战争,2
1919,爱情,49
1919,犯罪,20
1919,科幻,2
1919,西部,5
1919,运动,1
1919,音乐,1
1920,传记,2
1920,冒险,15
1920,剧情,68
1920,动作,15
1920,动画,1
1920,历史,1
1920,喜剧,35
1920,奇幻,5
1920,恐怖,14
1920,悬疑,25
1920,惊悚,4
1920,战争,1
1920,爱情,46
1920,犯罪,38
1920,科幻,4
1920,西部,5
1920,运动,1
1921,传记,1
1921,冒险,9
1921,剧情,81
1921,动作,19
1921,动画,1
1921,历史,1
1921,喜剧,38
1921,奇幻,9
1921,家庭,2
1921,恐怖,5
1921,悬疑,21
1921,惊悚,2
1921,战争,1
1921,爱情,60
1921,犯罪,19
1921,科幻,3
1921,西部,5
1921,运动,1
1922,传记,2
1922,冒险,10
1922,剧情,90
1922,动作,20
1922,动画,2
1922,历史,2
1922,喜剧,28
1922,奇幻,2
1922,家庭,1
1922,恐怖,4
1922,悬疑,19
1922,惊悚,4
1922,战争,2
1922,爱情,69
1922,犯罪,16
1922,科幻,2
1922,西部,7
1922,运动,3
1923,传记,2
1923,冒险,17
1923,剧情,96
1923,动作,17
1923,动画,3
1923,历史,5
1923,喜剧,34
1923,奇幻,6
1923,家庭,1
1923,恐怖,5
1923,悬疑,21
1923,惊悚,4
1923,战争,2
1923,爱情,65
1923,犯罪,18
1923,科幻,2
1923,西部,6
1924,传记,2
1924,冒险,17
1924,剧情,88
1924,动作,21
1924,动画,3
1924,历史,5
1924,喜剧,20
1924,奇幻,4
1924,家庭,1
1924,恐怖,6
1924,悬疑,14
1924,情色,1
1924,惊悚,4
1924,战争,2
1924,歌舞,2
1924,爱情,68
1924,犯罪,12
1924,科幻,1
1924,西部,7
1924,运动,1
1925,冒险,25
1925,剧情,114
1925,动作,29
1925,动画,1
1925,历史,7
1925,古装,1
1925,喜剧,43
1925,奇幻,6
1925,家庭,1
1925,恐怖,7
1925,悬疑,5
1925,惊悚,4
1925,战争,3
1925,武侠,1
1925,爱情,89
1925,犯罪,13
1925,科幻,4
1925,西部,15
1925,运动,6
1925,音乐,1
1926,传记,3
1926,冒险,47
1926,剧情,141
1926,动作,66
1926,动画,3
1926,历史,4
1926,古装,6
1926,喜剧,70
1926,奇幻,4
1926,家庭,1
1926,恐怖,7
1926,悬疑,13
1926,惊悚,10
1926,战争,14
1926,爱情,163
1926,犯罪,21
1926,西部,28
1926,运动,8
1926,鬼怪,1
1927,传记,2
1927,冒险,24
1927,剧情,156
1927,动作,46
1927,动画,3
1927,历史,6
1927,古装,3
1927,喜剧,57
1927,奇幻,3
1927,家庭,2
1927,恐怖,8
1927,悬疑,14
1927,惊悚,10
1927,战争,7
1927,歌舞,1
1927,爱情,125
1927,犯罪,14
1927,科幻,1
1927,西部,13
1927,运动,2
1927,音乐,1
1927,鬼怪,2
1928,传记,6
1928,冒险,27
1928,剧情,158
1928,动作,40
1928,动画,1
1928,历史,14
1928,古装,11
1928,喜剧,57
1928,奇幻,5
1928,家庭,2
1928,恐怖,5
1928,悬疑,18
1928,惊悚,8
1928,战争,11
1928,歌舞,4
1928,武侠,5
1928,爱情,123
1928,犯罪,20
1928,科幻,1
1928,西部,21
1928,运动,2
1928,音乐,2
1928,鬼怪,3
1928,黑色电影,1
1929,传记,1
1929,儿童,1
1929,冒险,25
1929,剧情,154
1929,动作,32
1929,动画,3
1929,历史,1
1929,古装,4
1929,喜剧,58
1929,奇幻,2
1929,恐怖,5
1929,悬疑,32
1929,惊悚,7
1929,战争,7
1929,歌舞,52
1929,武侠,7
1929,爱情,102
1929,犯罪,35
1929,科幻,3
1929,西部,8
1929,运动,5
1929,音乐,6
1929,黑色电影,1
1930,传记,3
1930,儿童,1
1930,冒险,20
1930,剧情,146
1930,动作,31
1930,动画,10
1930,历史,5
1930,同性,1
1930,喜剧,115
1930,奇幻,4
1930,家庭,2
1930,恐怖,5
1930,悬疑,27
1930,惊悚,9
1930,战争,12
1930,歌舞,84
1930,武侠,2
1930,爱情,160
1930,犯罪,46
1930,科幻,4
1930,西部,19
1930,运动,9
1930,音乐,17
1931,传记,2
1931,冒险,17
1931,剧情,176
1931,动作,17
1931,动画,2
1931,历史,2
1931,古装,1
1931,同性,1
1931,喜剧,109
1931,奇幻,3
1931,家庭,2
1931,恐怖,13
1931,悬疑,31
1931,惊悚,10
1931,战争,9
1931,歌舞,31
1931,武侠,3
1931,爱情,139
1931,犯罪,57
1931,科幻,3
1931,西部,16
1931,运动,5
1931,音乐,2
1931,黑色电影,3
1932,传记,1
1932,儿童,1
1932,冒险,24
1932,剧情,179
1932,动作,28
1932,动画,3
1932,历史,4
1932,喜剧,121
1932,奇幻,9
1932,家庭,1
1932,恐怖,20
1932,悬疑,54
1932,惊悚,11
1932,战争,7
1932,歌舞,36
1932,武侠,1
1932,爱情,135
1932,犯罪,65
1932,科幻,7
1932,西部,19
1932,运动,9
1932,音乐,3
1932,黑色电影,2
1933,传记,6
1933,儿童,3
1933,冒险,25
1933,剧情,190
1933,动作,27
1933,动画,7
1933,历史,8
1933,喜剧,140
1933,奇幻,9
1933,家庭,2
1933,恐怖,11
1933,悬疑,40
1933,惊悚,11
1933,战争,14
1933,歌舞,51
1933,爱情,147
1933,犯罪,47
1933,科幻,10
1933,西部,12
1933,运动,4
1933,音乐,6
1934,传记,9
1934,儿童,1
1934,冒险,34
1934,剧情,192
1934,动作,26
1934,动画,4
1934,历史,11
1934,喜剧,163
1934,奇幻,6
1934,家庭,4
1934,恐怖,9
1934,悬疑,41
1934,惊悚,11
1934,战争,12
1934,歌舞,60
1934,爱情,171
1934,犯罪,54
1934,科幻,5
1934,西部,16
1934,运动,1
1934,音乐,15
1934,黑色电影,1
1935,传记,7
1935,儿童,2
1935,冒险,41
1935,剧情,210
1935,动作,55
1935,动画,2
1935,历史,12
1935,喜剧,206
1935,奇幻,8
1935,家庭,7
1935,恐怖,14
1935,悬疑,53
1935,惊悚,13
1935,战争,9
1935,歌舞,68
1935,爱情,189
1935,犯罪,73
1935,科幻,11
1935,西部,26
1935,运动,5
1935,音乐,10
1935,黑色电影,3
1936,传记,8
1936,儿童,1
1936,冒险,39
1936,剧情,216
1936,动作,55
1936,动画,8
1936,历史,13
1936,喜剧,191
1936,奇幻,5
1936,家庭,9
1936,恐怖,14
1936,悬疑,52
1936,惊悚,22
1936,战争,12
1936,歌舞,75
1936,爱情,169
1936,犯罪,79
1936,科幻,13
1936,西部,36
1936,运动,8
1936,音乐,17
1936,黑色电影,1
1937,传记,4
1937,儿童,1
1937,冒险,49
1937,剧情,225
1937,动作,54
1937,动画,15
1937,历史,16
1937,喜剧,209
1937,奇幻,7
1937,家庭,13
1937,恐怖,4
1937,悬疑,49
1937,惊悚,21
1937,戏曲,1
1937,战争,14
1937,歌舞,80
1937,爱情,213
1937,犯罪,77
1937,科幻,4
1937,西部,28
1937,运动,13
1937,音乐,22
1937,黑色电影,3
1938,传记,8
1938,冒险,54
1938,剧情,220
1938,动作,64
1938,动画,12
1938,历史,14
1938,古装,1
1938,喜剧,194
1938,奇幻,3
1938,家庭,4
1938,恐怖,5
1938,悬疑,53
1938,情色,1
1938,惊悚,14
1938,战争,17
1938,歌舞,63
1938,爱情,178
1938,犯罪,94
1938,科幻,7
1938,西部,41
1938,运动,15
1938,音乐,32
1938,黑色电影,1
1939,传记,11
1939,儿童,1
1939,冒险,67
1939,剧情,225
1939,动作,75
1939,动画,11
1939,历史,13
1939,古装,7
1939,喜剧,159
1939,奇幻,3
1939,家庭,12
1939,恐怖,14
1939,悬疑,52
1939,惊悚,28
1939,战争,20
1939,歌舞,49
1939,武侠,1
1939,爱情,120
1939,犯罪,100
1939,科幻,12
1939,西部,31
1939,运动,5
1939,音乐,23
1939,黑色电影,2
1940,传记,18
1940,冒险,50
1940,剧情,182
1940,动作,44
1940,动画,9
1940,历史,13
1940,古装,14
1940,喜剧,175
1940,奇幻,9
1940,家庭,4
1940,恐怖,11
1940,悬疑,49
1940,惊悚,18
1940,战争,19
1940,歌舞,48
1940,爱情,150
1940,犯罪,50
1940,科幻,12
1940,西部,32
1940,运动,6
1940,音乐,20
1940,黑色电影,4
1941,传记,10
1941,冒险,41
1941,剧情,188
1941,动作,48
1941,动画,7
1941,历史,13
1941,古装,5
1941,喜剧,202
1941,奇幻,9
1941,家庭,6
1941,恐怖,13
1941,悬疑,40
1941,惊悚,21
1941,戏曲,1
1941,战争,28
1941,歌舞,63
1941,武侠,1
1941,爱情,161
1941,犯罪,44
1941,科幻,6
1941,西部,30
1941,运动,7
1941,音乐,21
1941,黑色电影,8
1942,传记,11
1942,冒险,43
1942,剧情,190
1942,动作,65
1942,动画,7
1942,历史,13
1942,古装,1
1942,喜剧,166
1942,奇幻,7
1942,家庭,7
1942,恐怖,19
1942,悬疑,53
1942,惊悚,19
1942,战争,55
1942,歌舞,50
1942,爱情,137
1942,犯罪,50
1942,科幻,7
1942,西部,25
1942,运动,4
1942,音乐,30
1942,黑色电影,4
1943,传记,9
1943,冒险,32
1943,剧情,174
1943,动作,36
1943,动画,5
1943,历史,12
1943,古装,1
1943,喜剧,148
1943,奇幻,7
1943,家庭,4
1943,恐怖,16
1943,悬疑,28
1943,惊悚,19
1943,战争,46
1943,歌舞,76
1943,爱情,89
1943,犯罪,40
1943,科幻,8
1943,西部,27
1943,运动,1
1943,音乐,15
1943,黑色电影,3
1944,传记,8
1944,儿童,2
1944,冒险,31
1944,剧情,161
1944,动作,33
1944,动画,11
1944,历史,9
1944,喜剧,123
1944,奇幻,12
1944,家庭,7
1944,恐怖,23
1944,悬疑,38
1944,惊悚,25
1944,戏曲,1
1944,战争,39
1944,歌舞,79
1944,爱情,105
1944,犯罪,39
1944,科幻,8
1944,西部,29
1944,运动,1
1944,音乐,26
1944,黑色电影,14
1945,传记,8
1945,冒险,20
1945,剧情,151
1945,动作,37
1945,动画,15
1945,历史,3
1945,古装,1
1945,喜剧,107
1945,奇幻,7
1945,家庭,5
1945,恐怖,14
1945,悬疑,55
1945,惊悚,25
1945,战争,20
1945,歌舞,56
1945,爱情,77
1945,犯罪,46
1945,科幻,3
1945,西部,25
1945,运动,2
1945,音乐,22
1945,黑色电影,16
1946,传记,6
1946,儿童,1
1946,冒险,30
1946,剧情,176
1946,动作,32
1946,动画,9
1946,历史,5
1946,喜剧,96
1946,奇幻,11
1946,家庭,9
1946,恐怖,12
1946,悬疑,51
1946,惊悚,33
1946,战争,19
1946,歌舞,57
1946,爱情,90
1946,犯罪,77
1946,科幻,1
1946,西部,18
1946,运动,2
1946,音乐,19
1946,黑色电影,31
1947,传记,7
1947,冒险,53
1947,剧情,218
1947,动作,54
1947,动画,9
1947,历史,9
1947,喜剧,113
1947,奇幻,10
1947,家庭,6
1947,恐怖,5
1947,悬疑,57
1947,惊悚,36
1947,战争,10
1947,歌舞,42
1947,爱情,103
1947,犯罪,86
1947,科幻,4
1947,西部,36
1947,运动,3
1947,音乐,26
1947,黑色电影,42
1948,传记,9
1948,冒险,38
1948,剧情,250
1948,动作,71
1948,动画,23
1948,历史,9
1948,古装,1
1948,喜剧,138
1948,奇幻,11
1948,家庭,8
1948,恐怖,8
1948,悬疑,46
1948,惊悚,34
1948,戏曲,1
1948,战争,20
1948,歌舞,39
1948,爱情,112
1948,犯罪,78
1948,科幻,4
1948,西部,44
1948,运动,4
1948,音乐,35
1948,黑色电影,30
1949,传记,8
1949,儿童,2
1949,冒险,41
1949,剧情,253
1949,动作,58
1949,动画,13
1949,历史,10
1949,喜剧,138
1949,奇幻,13
1949,家庭,12
1949,恐怖,9
1949,悬疑,29
1949,惊悚,38
1949,戏曲,1
1949,战争,22
1949,歌舞,41
1949,爱情,104
1949,犯罪,88
1949,科幻,6
1949,西部,21
1949,运动,9
1949,音乐,16
1949,鬼怪,1
1949,黑色电影,38
1950,传记,10
1950,儿童,4
1950,冒险,40
1950,剧情,242
1950,动作,66
1950,动画,13
1950,历史,9
1950,古装,8
1950,喜剧,145
1950,奇幻,10
1950,家庭,9
1950,恐怖,3
1950,悬疑,25
1950,惊悚,13
1950,战争,12
1950,歌舞,41
1950,武侠,9
1950,爱情,84
1950,犯罪,93
1950,科幻,8
1950,西部,23
1950,运动,5
1950,音乐,11
1950,黑色电影,45
1951,传记,11
1951,儿童,5
1951,冒险,32
1951,剧情,246
1951,动作,57
1951,动画,10
1951,历史,6
1951,古装,7
1951,喜剧,189
1951,奇幻,16
1951,家庭,13
1951,恐怖,7
1951,悬疑,25
1951,惊悚,23
1951,戏曲,2
1951,战争,25
1951,歌舞,51
1951,武侠,10
1951,爱情,84
1951,犯罪,60
1951,科幻,17
1951,西部,19
1951,运动,8
1951,音乐,18
1951,黑色电影,27
1952,传记,15
1952,儿童,2
1952,冒险,37
1952,剧情,266
1952,动作,60
1952,动画,10
1952,历史,15
1952,古装,1
1952,喜剧,219
1952,奇幻,8
1952,家庭,9
1952,恐怖,7
1952,悬疑,25
1952,惊悚,20
1952,战争,17
1952,歌舞,52
1952,武侠,6
1952,爱情,99
1952,犯罪,59
1952,短片,1
1952,科幻,9
1952,脱口秀,1
1952,西部,22
1952,运动,7
1952,音乐,15
1952,黑色电影,19
1953,传记,16
1953,儿童,5
1953,冒险,42
1953,剧情,311
1953,动作,57
1953,动画,10
1953,历史,11
1953,古装,4
1953,喜剧,208
1953,奇幻,7
1953,家庭,20
1953,恐怖,14
1953,悬疑,21
1953,惊悚,22
1953,戏曲,1
1953,战争,19
1953,歌舞,60
1953,武侠,1
1953,灾难,1
1953,爱情,112
1953,犯罪,76
1953,科幻,23
1953,西部,20
1953,运动,6
1953,音乐,16
1953,黑色电影,16
1954,传记,9
1954,儿童,3
1954,冒险,44
1954,剧情,290
1954,动作,47
1954,动画,10
1954,历史,13
1954,古装,5
1954,喜剧,164
1954,奇幻,13
1954,家庭,9
1954,恐怖,19
1954,悬疑,27
1954,惊悚,27
1954,戏曲,2
1954,战争,16
1954,歌舞,40
1954,武侠,2
1954,爱情,98
1954,犯罪,81
1954,短片,1
1954,科幻,18
1954,西部,19
1954,运动,2
1954,音乐,10
1954,黑色电影,17
1955,传记,19
1955,儿童,2
1955,冒险,32
1955,剧情,311
1955,动作,50
1955,动画,7
1955,历史,16
1955,古装,9
1955,喜剧,177
1955,奇幻,8
1955,家庭,9
1955,恐怖,15
1955,悬疑,24
1955,惊悚,25
1955,戏曲,5
1955,战争,21
1955,歌舞,43
1955,武侠,1
1955,爱情,120
1955,犯罪,101
1955,短片,2
1955,科幻,16
1955,西部,16
1955,运动,4
1955,音乐,13
1955,鬼怪,2
1955,黑色电影,27
1956,传记,12
1956,儿童,2
1956,冒险,31
1956,剧情,320
1956,动作,66
1956,动画,9
1956,历史,13
1956,古装,11
1956,喜剧,182
1956,奇幻,11
1956,家庭,17
1956,恐怖,24
1956,悬疑,44
1956,情色,1
1956,惊悚,39
1956,戏曲,11
1956,战争,27
1956,歌舞,51
1956,武侠,3
1956,爱情,91
1956,犯罪,87
1956,真人秀,1
1956,短片,3
1956,科幻,25
1956,西部,20
1956,运动,3
1956,音乐,12
1956,黑色电影,19
1957,传记,17
1957,冒险,42
1957,剧情,361
1957,动作,79
1957,动画,6
1957,历史,10
1957,古装,10
1957,喜剧,183
1957,奇幻,31
1957,家庭,19
1957,恐怖,46
1957,悬疑,44
1957,惊悚,48
1957,戏曲,7
1957,战争,29
1957,歌舞,50
1957,武侠,3
1957,爱情,97
1957,犯罪,115
1957,短片,1
1957,科幻,35
1957,西部,18
1957,运动,6
1957,音乐,16
1957,鬼怪,1
1957,黑色电影,18
1958,传记,14
1958,儿童,3
1958,冒险,36
1958,剧情,371
1958,动作,60
1958,动画,18
1958,历史,13
1958,古装,7
1958,喜剧,174
1958,奇幻,9
1958,家庭,18
1958,恐怖,45
1958,悬疑,63
1958,情色,1
1958,惊悚,57
1958,戏曲,10
1958,战争,37
1958,歌舞,44
1958,武侠,3
1958,灾难,1
1958,爱情,109
1958,犯罪,117
1958,短片,3
1958,科幻,45
1958,西部,13
1958,运动,3
1958,音乐,13
1958,黑色电影,5
1959,传记,12
1959,儿童,1
1959,冒险,42
1959,剧情,381
1959,动作,72
1959,动画,11
1959,历史,13
1959,古装,6
1959,喜剧,201
1959,奇幻,13
1959,家庭,14
1959,恐怖,48
1959,悬疑,81
1959,惊悚,55
1959,戏曲,8
1959,战争,41
1959,歌舞,49
1959,武侠,2
1959,爱情,97
1959,犯罪,106
1959,短片,2
1959,科幻,40
1959,西部,7
1959,运动,1
1959,音乐,10
1959,鬼怪,1
1959,黑色电影,2
1960,传记,15
1960,儿童,5
1960,冒险,40
1960,剧情,397
1960,动作,81
1960,动画,16
1960,历史,18
1960,古装,7
1960,喜剧,211
1960,奇幻,13
1960,家庭,20
1960,恐怖,38
1960,悬疑,40
1960,惊悚,42
1960,戏曲,15
1960,战争,36
1960,歌舞,40
1960,武侠,3
1960,爱情,104
1960,犯罪,131
1960,短片,4
1960,科幻,19
1960,西部,14
1960,音乐,6
1961,传记,7
1961,冒险,47
1961,剧情,336
1961,动作,87
1961,动画,8
1961,历史,12
1961,古装,18
1961,同性,1
1961,喜剧,206
1961,奇幻,15
1961,家庭,29
1961,恐怖,28
1961,悬疑,31
1961,惊悚,40
1961,戏曲,15
1961,战争,22
1961,歌舞,37
1961,武侠,9
1961,爱情,74
1961,犯罪,83
1961,短片,1
1961,科幻,24
1961,西部,6
1961,运动,2
1961,音乐,9
1961,黑色电影,2
1962,传记,13
1962,儿童,4
1962,冒险,58
1962,剧情,373
1962,动作,85
1962,动画,17
1962,历史,20
1962,古装,20
1962,喜剧,208
1962,奇幻,22
1962,家庭,16
1962,恐怖,40
1962,悬疑,29
1962,情色,1
1962,惊悚,43
1962,戏曲,13
1962,战争,24
1962,歌舞,49
1962,武侠,9
1962,爱情,86
1962,犯罪,72
1962,短片,2
1962,科幻,24
1962,西部,6
1962,运动,2
1962,音乐,10
1962,鬼怪,3
1963,传记,6
1963,儿童,1
1963,冒险,53
1963,剧情,337
1963,动作,112
1963,动画,8
1963,历史,19
1963,古装,22
1963,喜剧,205
1963,奇幻,16
1963,家庭,16
1963,恐怖,38
1963,悬疑,32
1963,惊悚,38
1963,戏曲,11
1963,战争,28
1963,歌舞,46
1963,武侠,6
1963,爱情,89
1963,犯罪,93
1963,短片,1
1963,科幻,16
1963,荒诞,1
1963,西部,7
1963,音乐,5
1964,传记,4
1964,儿童,1
1964,冒险,69
1964,剧情,366
1964,动作,124
1964,动画,12
1964,历史,18
1964,古装,19
1964,同性,1
1964,喜剧,223
1964,奇幻,23
1964,家庭,23
1964,恐怖,54
1964,悬疑,36
1964,情色,1
1964,惊悚,59
1964,戏曲,15
1964,战争,26
1964,歌舞,54
1964,武侠,10
1964,爱情,83
1964,犯罪,90
1964,短片,2
1964,科幻,33
1964,西部,14
1964,运动,2
1964,音乐,14
1964,黑色电影,1
1965,传记,6
1965,冒险,50
1965,剧情,337
1965,动作,103
1965,动画,17
1965,历史,15
1965,古装,14
1965,喜剧,203
1965,奇幻,19
1965,家庭,21
1965,恐怖,45
1965,悬疑,43
1965,情色,1
1965,惊悚,61
1965,戏曲,4
1965,战争,39
1965,歌舞,53
1965,武侠,6
1965,爱情,78
1965,犯罪,85
1965,科幻,37
1965,西部,14
1965,运动,3
1965,音乐,10
1966,传记,5
1966,儿童,4
1966,冒险,63
1966,剧情,336
1966,动作,150
1966,动画,15
1966,历史,11
1966,古装,13
1966,喜剧,215
1966,奇幻,20
1966,家庭,21
1966,恐怖,47
1966,悬疑,29
1966,惊悚,67
1966,戏曲,1
1966,战争,26
1966,歌舞,61
1966,武侠,7
1966,爱情,86
1966,犯罪,92
1966,科幻,45
1966,西部,19
1966,运动,2
1966,音乐,14
1966,鬼怪,1
1967,传记,5
1967,儿童,2
1967,冒险,56
1967,剧情,378
1967,动作,146
1967,动画,16
1967,历史,9
1967,古装,16
1967,喜剧,232
1967,奇幻,19
1967,家庭,26
1967,恐怖,37
1967,悬疑,42
1967,情色,2
1967,惊悚,89
1967,戏曲,2
1967,战争,17
1967,歌舞,72
1967,武侠,10
1967,爱情,93
1967,犯罪,134
1967,科幻,46
1967,西部,26
1967,运动,2
1967,音乐,22
1968,传记,6
1968,儿童,1
1968,冒险,59
1968,剧情,404
1968,动作,141
1968,动画,13
1968,历史,15
1968,古装,23
1968,同性,1
1968,喜剧,266
1968,奇幻,25
1968,家庭,22
1968,恐怖,65
1968,悬疑,43
1968,情色,2
1968,惊悚,79
1968,戏曲,2
1968,战争,20
1968,歌舞,55
1968,武侠,20
1968,爱情,106
1968,犯罪,134
1968,科幻,39
1968,舞台艺术,1
1968,西部,25
1968,运动,2
1968,音乐,7
1968,鬼怪,1
1969,传记,9
1969,儿童,2
1969,冒险,54
1969,剧情,458
1969,动作,167
1969,动画,12
1969,历史,16
1969,古装,19
1969,同性,2
1969,喜剧,237
1969,奇幻,24
1969,家庭,31
1969,恐怖,48
1969,悬疑,31
1969,情色,3
1969,惊悚,75
1969,戏曲,1
1969,战争,34
1969,歌舞,42
1969,武侠,23
1969,爱情,102
1969,犯罪,142
1969,科幻,38
1969,舞台艺术,1
1969,西部,22
1969,运动,6
1969,音乐,9
1970,Adult,1
1970,传记,12
1970,冒险,46
1970,剧情,451
1970,动作,150
1970,动画,18
1970,历史,10
1970,古装,24
1970,喜剧,226
1970,奇幻,30
1970,家庭,31
1970,恐怖,82
1970,悬疑,31
1970,惊悚,73
1970,战争,23
1970,歌舞,43
1970,武侠,24
1970,爱情,111
1970,犯罪,108
1970,科幻,30
1970,西部,26
1970,运动,2
1970,音乐,12
1971,Adult,2
1971,传记,5
1971,儿童,4
1971,冒险,46
1971,剧情,454
1971,动作,162
1971,动画,18
1971,历史,16
1971,古装,23
1971,同性,1
1971,喜剧,248
1971,奇幻,16
1971,家庭,26
1971,恐怖,121
1971,悬疑,70
1971,情色,5
1971,惊悚,111
1971,戏曲,2
1971,战争,24
1971,歌舞,44
1971,武侠,23
1971,爱情,99
1971,犯罪,136
1971,科幻,33
1971,西部,28
1971,运动,4
1971,音乐,14
1972,Adult,1
1972,传记,11
1972,儿童,2
1972,冒险,59
1972,剧情,446
1972,动作,195
1972,动画,14
1972,历史,16
1972,古装,10
1972,同性,2
1972,喜剧,230
1972,奇幻,23
1972,家庭,29
1972,恐怖,136
1972,悬疑,58
1972,情色,13
1972,惊悚,125
1972,戏曲,3
1972,战争,16
1972,歌舞,36
1972,武侠,10
1972,爱情,113
1972,犯罪,159
1972,真人秀,1
1972,短片,1
1972,科幻,37
1972,舞台艺术,1
1972,西部,24
1972,运动,2
1972,音乐,15
1973,Adult,3
1973,传记,10
1973,儿童,3
1973,冒险,48
1973,剧情,484
1973,动作,215
1973,动画,23
1973,历史,14
1973,古装,4
1973,喜剧,220
1973,奇幻,19
1973,家庭,20
1973,恐怖,133
1973,悬念,1
1973,悬疑,64
1973,情色,12
1973,惊悚,122
1973,战争,19
1973,歌舞,24
1973,武侠,5
1973,灾难,1
1973,爱情,75
1973,犯罪,199
1973,科幻,48
1973,舞台艺术,1
1973,西部,15
1973,运动,5
1973,音乐,11
1973,黑色电影,1
1974,Adult,6
1974,传记,18
1974,儿童,3
1974,冒险,52
1974,剧情,492
1974,动作,243
1974,动画,20
1974,历史,13
1974,古装,7
1974,喜剧,271
1974,奇幻,36
1974,家庭,22
1974,恐怖,125
1974,悬疑,48
1974,情色,9
1974,惊悚,131
1974,战争,11
1974,歌舞,22
1974,武侠,7
1974,灾难,1
1974,爱情,94
1974,犯罪,157
1974,科幻,37
1974,舞台艺术,2
1974,西部,9
1974,运动,3
1974,音乐,11
1974,鬼怪,1
1974,黑色电影,1
1975,Adult,9
1975,传记,19
1975,儿童,2
1975,冒险,49
1975,剧情,460
1975,动作,169
1975,动画,25
1975,历史,20
1975,古装,11
1975,喜剧,285
1975,奇幻,25
1975,家庭,16
1975,恐怖,91
1975,悬疑,61
1975,情色,7
1975,惊悚,120
1975,惊栗,1
1975,战争,21
1975,歌舞,33
1975,武侠,7
1975,爱情,86
1975,犯罪,159
1975,科幻,40
1975,西部,20
1975,运动,3
1975,音乐,11
1975,鬼怪,2
1976,Adult,8
1976,传记,18
1976,儿童,2
1976,冒险,52
1976,剧情,494
1976,动作,201
1976,动画,14
1976,历史,21
1976,古装,13
1976,同性,2
1976,喜剧,270
1976,奇幻,24
1976,家庭,25
1976,恐怖,85
1976,悬疑,47
1976,情色,12
1976,惊悚,103
1976,戏曲,1
1976,战争,32
1976,歌舞,23
1976,武侠,12
1976,爱情,110
1976,犯罪,172
1976,科幻,35
1976,西部,8
1976,运动,4
1976,音乐,16
1977,Adult,11
1977,传记,18
1977,儿童,3
1977,冒险,58
1977,剧情,476
1977,动作,211
1977,动画,27
1977,历史,12
1977,古装,18
1977,喜剧,212
1977,奇幻,18
1977,家庭,33
1977,恐怖,99
1977,悬疑,56
1977,情色,12
1977,惊悚,108
1977,战争,21
1977,歌舞,20
1977,武侠,22
1977,灾难,1
1977,爱情,106
1977,犯罪,130
1977,科幻,50
1977,舞台艺术,2
1977,西部,3
1977,运动,5
1977,音乐,19
1978,Adult,8
1978,传记,26
1978,儿童,4
1978,冒险,66
1978,剧情,493
1978,动作,213
1978,动画,34
1978,历史,14
1978,古装,22
1978,同性,3
1978,喜剧,238
1978,奇幻,25
1978,家庭,31
1978,恐怖,94
1978,悬疑,50
1978,情色,8
1978,惊悚,115
1978,惊栗,1
1978,戏曲,1
1978,战争,13
1978,歌舞,32
1978,武侠,22
1978,灾难,1
1978,爱情,110
1978,犯罪,116
1978,真人秀,1
1978,科幻,57
1978,舞台艺术,1
1978,荒诞,1
1978,西部,9
1978,运动,8
1978,音乐,22
1978,鬼怪,1
1979,Adult,4
1979,传记,17
1979,儿童,5
1979,冒险,57
1979,剧情,521
1979,动作,211
1979,动画,42
1979,历史,14
1979,古装,18
1979,同性,2
1979,喜剧,253
1979,奇幻,34
1979,家庭,28
1979,恐怖,95
1979,悬疑,41
1979,情色,9
1979,惊悚,86
1979,戏曲,3
1979,战争,25
1979,歌舞,20
1979,武侠,22
1979,灾难,2
1979,爱情,130
1979,犯罪,120
1979,短片,3
1979,科幻,55
1979,舞台艺术,1
1979,西部,6
1979,运动,17
1979,音乐,21
1979,黑色电影,2
1980,Adult,6
1980,传记,28
1980,儿童,2
1980,冒险,42
1980,剧情,523
1980,动作,204
1980,动画,46
1980,历史,24
1980,古装,26
1980,同性,2
1980,喜剧,280
1980,奇幻,19
1980,家庭,28
1980,恐怖,120
1980,悬疑,50
1980,情色,10
1980,惊悚,114
1980,戏曲,6
1980,战争,25
1980,歌舞,28
1980,武侠,28
1980,爱情,157
1980,犯罪,95
1980,短片,7
1980,科幻,60
1980,舞台艺术,1
1980,西部,6
1980,运动,8
1980,音乐,27
1981,Adult,5
1981,传记,22
1981,儿童,3
1981,冒险,57
1981,剧情,503
1981,动作,167
1981,动画,55
1981,历史,21
1981,古装,15
1981,同性,1
1981,喜剧,287
1981,奇幻,31
1981,家庭,36
1981,恐怖,119
1981,悬疑,62
1981,情色,20
1981,惊悚,103
1981,戏曲,5
1981,战争,20
1981,歌舞,27
1981,武侠,12
1981,爱情,121
1981,犯罪,104
1981,短片,6
1981,科幻,49
1981,纪录片,1
1981,西部,4
1981,运动,5
1981,音乐,30
1982,Adult,8
1982,传记,17
1982,儿童,1
1982,冒险,50
1982,剧情,533
1982,动作,184
1982,动画,51
1982,历史,21
1982,古装,19
1982,同性,3
1982,喜剧,311
1982,奇幻,37
1982,家庭,38
1982,恐怖,114
1982,悬疑,60
1982,情色,8
1982,惊悚,102
1982,戏曲,2
1982,战争,25
1982,歌舞,41
1982,武侠,12
1982,爱情,135
1982,犯罪,119
1982,短片,5
1982,科幻,53
1982,西部,3
1982,运动,10
1982,音乐,24
1983,Adult,2
1983,传记,25
1983,儿童,8
1983,冒险,64
1983,剧情,557
1983,动作,175
1983,动画,58
1983,历史,19
1983,古装,19
1983,同性,9
1983,喜剧,287
1983,奇幻,44
1983,家庭,42
1983,恐怖,91
1983,悬疑,61
1983,情色,17
1983,惊悚,110
1983,戏曲,1
1983,战争,21
1983,歌舞,28
1983,武侠,11
1983,灾难,1
1983,爱情,140
1983,犯罪,129
1983,短片,4
1983,科幻,64
1983,舞台艺术,1
1983,西部,2
1983,运动,8
1983,音乐,35
1983,鬼怪,2
1984,Adult,2
1984,传记,19
1984,儿童,6
1984,冒险,51
1984,剧情,546
1984,动作,174
1984,动画,56
1984,历史,19
1984,古装,17
1984,同性,4
1984,喜剧,274
1984,奇幻,43
1984,家庭,44
1984,恐怖,83
1984,悬疑,65
1984,情色,14
1984,惊悚,106
1984,戏曲,2
1984,战争,23
1984,歌舞,36
1984,武侠,12
1984,灾难,1
1984,爱情,152
1984,犯罪,135
1984,真人秀,1
1984,科幻,64
1984,舞台艺术,3
1984,西部,5
1984,运动,9
1984,音乐,52
1985,Adult,7
1985,Comedy,1
1985,传记,26
1985,儿童,13
1985,冒险,78
1985,剧情,597
1985,动作,214
1985,动画,76
1985,历史,10
1985,古装,5
1985,同性,5
1985,喜剧,319
1985,奇幻,51
1985,家庭,59
1985,恐怖,116
1985,悬念,1
1985,悬疑,74
1985,情色,17
1985,惊悚,116
1985,戏曲,1
1985,战争,34
1985,歌舞,46
1985,武侠,5
1985,爱情,189
1985,犯罪,136
1985,短片,3
1985,科幻,66
1985,西部,6
1985,运动,11
1985,音乐,44
1985,黑色电影,1
1986,Adult,2
1986,传记,39
1986,儿童,5
1986,冒险,75
1986,剧情,575
1986,动作,217
1986,动画,103
1986,历史,17
1986,古装,6
1986,同性,8
1986,喜剧,268
1986,奇幻,48
1986,家庭,56
1986,恐怖,126
1986,悬疑,65
1986,情色,12
1986,惊悚,125
1986,戏曲,3
1986,战争,32
1986,歌舞,37
1986,武侠,6
1986,灾难,1
1986,爱情,149
1986,犯罪,145
1986,真人秀,1
1986,科幻,86
1986,舞台艺术,2
1986,荒诞,1
1986,西部,7
1986,运动,17
1986,音乐,38
1986,鬼怪,2
1987,Adult,1
1987,传记,23
1987,儿童,6
1987,冒险,75
1987,剧情,649
1987,动作,262
1987,动画,116
1987,历史,23
1987,古装,12
1987,同性,6
1987,喜剧,318
1987,奇幻,75
1987,家庭,52
1987,恐怖,174
1987,悬疑,62
1987,情色,10
1987,惊悚,146
1987,戏曲,1
1987,战争,40
1987,歌舞,44
1987,武侠,7
1987,爱情,152
1987,犯罪,163
1987,真人秀,2
1987,短片,3
1987,科幻,97
1987,西部,8
1987,运动,3
1987,音乐,43
1987,驚悚 Thriller,1
1988,传记,23
1988,儿童,5
1988,冒险,70
1988,剧情,598
1988,动作,287
1988,动画,97
1988,历史,17
1988,古装,11
1988,同性,5
1988,喜剧,300
1988,奇幻,57
1988,家庭,43
1988,恐怖,203
1988,悬疑,70
1988,情色,13
1988,惊悚,161
1988,战争,29
1988,歌舞,36
1988,武侠,7
1988,爱情,158
1988,犯罪,159
1988,真人秀,2
1988,科幻,100
1988,紀錄片 Documentary,1
1988,舞台艺术,1
1988,西部,9
1988,运动,11
1988,音乐,38
1988,音樂 Music,1
1988,鬼怪,4
1989,传记,24
1989,儿童,10
1989,冒险,80
1989,剧情,643
1989,动作,324
1989,动画,114
1989,历史,26
1989,古装,20
1989,同性,5
1989,喜剧,323
1989,奇幻,52
1989,家庭,49
1989,恐怖,193
1989,悬疑,72
1989,情色,8
1989,惊悚,160
1989,战争,50
1989,歌舞,38
1989,武侠,7
1989,爱情,157
1989,犯罪,197
1989,真人秀,2
1989,科幻,97
1989,西部,4
1989,运动,18
1989,音乐,28
1989,鬼怪,2
1990,Adult,1
1990,传记,25
1990,儿童,5
1990,冒险,63
1990,剧情,646
1990,动作,330
1990,动画,116
1990,历史,30
1990,古装,9
1990,同性,5
1990,喜剧,308
1990,奇幻,56
1990,家庭,55
1990,恐怖,186
1990,悬疑,76
1990,情色,15
1990,惊悚,179
1990,戏曲,2
1990,战争,37
1990,歌舞,38
1990,武侠,7
1990,灾难,1
1990,爱情,161
1990,犯罪,214
1990,真人秀,2
1990,科幻,77
1990,舞台艺术,2
1990,西部,8
1990,运动,13
1990,音乐,40
1990,鬼怪,2
1991,Adult,1
1991,传记,35
1991,儿童,5
1991,冒险,58
1991,剧情,686
1991,动作,315
1991,动画,125
1991,動畫 Animation,1
1991,历史,20
1991,古装,10
1991,同性,6
1991,喜剧,338
1991,奇幻,66
1991,家庭,54
1991,恐怖,140
1991,悬疑,90
1991,情色,28
1991,惊悚,153
1991,惊栗,4
1991,战争,27
1991,歌舞,36
1991,武侠,8
1991,爱情,187
1991,犯罪,197
1991,真人秀,2
1991,科幻,68
1991,舞台艺术,1
1991,西部,8
1991,运动,10
1991,音乐,47
1991,鬼怪,3
1992,传记,24
1992,儿童,11
1992,冒险,70
1992,剧情,718
1992,劇情 Drama,1
1992,动作,333
1992,动画,103
1992,历史,23
1992,古装,18
1992,同性,13
1992,喜剧,365
1992,奇幻,57
1992,家庭,52
1992,恐怖,129
1992,悬念,2
1992,悬疑,75
1992,情色,34
1992,惊悚,176
1992,戏曲,2
1992,战争,26
1992,歌舞,40
1992,武侠,11
1992,灾难,1
1992,爱情,227
1992,犯罪,186
1992,真人秀,3
1992,科幻,69
1992,脱口秀,1
1992,舞台艺术,1
1992,西部,9
1992,运动,16
1992,音乐,46
1992,鬼怪,2
1993,Adult,2
1993,传记,41
1993,儿童,5
1993,冒险,54
1993,剧情,756
1993,动作,325
1993,动画,90
1993,历史,38
1993,古装,35
1993,同性,10
1993,喜剧,380
1993,奇幻,61
1993,家庭,62
1993,恐怖,113
1993,悬念,1
1993,悬疑,89
1993,情色,40
1993,惊悚,210
1993,惊栗,2
1993,戏曲,3
1993,战争,24
1993,歌舞,38
1993,武侠,25
1993,灾难,1
1993,爱情,228
1993,犯罪,234
1993,真人秀,1
1993,科幻,75
1993,舞台艺术,3
1993,西部,8
1993,运动,8
1993,音乐,52
1994,Adult,1
1994,传记,33
1994,儿童,4
1994,冒险,69
1994,剧情,734
1994,劇情 Drama,1
1994,动作,328
1994,动画,98
1994,历史,25
1994,古装,17
1994,同性,15
1994,喜剧,370
1994,奇幻,64
1994,家庭,63
1994,恐怖,98
1994,悬念,1
1994,悬疑,81
1994,情色,21
1994,惊悚,204
1994,惊栗,2
1994,愛情 Romance,1
1994,戏曲,1
1994,战争,24
1994,歌舞,41
1994,武侠,14
1994,爱情,212
1994,犯罪,185
1994,科幻,82
1994,脱口秀,1
1994,舞台艺术,2
1994,荒诞,2
1994,西部,10
1994,运动,17
1994,音乐,39
1994,鬼怪,1
1995,Adult,3
1995,传记,30
1995,儿童,11
1995,冒险,58
1995,剧情,787
1995,动作,358
1995,动画,114
1995,历史,29
1995,古装,9
1995,同性,10
1995,喜剧,350
1995,奇幻,58
1995,家庭,79
1995,恐怖,138
1995,悬疑,88
1995,情色,41
1995,惊悚,238
1995,惊栗,2
1995,战争,31
1995,歌舞,51
1995,武侠,2
1995,灾难,2
1995,爱情,255
1995,犯罪,200
1995,真人秀,4
1995,科幻,117
1995,脱口秀,1
1995,舞台艺术,1
1995,荒诞,1
1995,西部,9
1995,运动,14
1995,音乐,42
1995,黑色电影,1
1996,Adult,2
1996,传记,29
1996,儿童,8
1996,冒险,77
1996,剧情,747
1996,动作,329
1996,动画,105
1996,历史,21
1996,古装,6
1996,同性,25
1996,喜剧,436
1996,奇幻,56
1996,家庭,69
1996,恐怖,129
1996,悬疑,83
1996,情色,43
1996,惊悚,236
1996,惊栗,2
1996,戏曲,1
1996,战争,26
1996,歌舞,41
1996,武侠,1
1996,灾难,5
1996,爱情,254
1996,犯罪,232
1996,科幻,121
1996,舞台艺术,1
1996,西部,6
1996,运动,18
1996,音乐,35
1996,鬼怪,1
1997,Adult,1
1997,传记,28
1997,儿童,11
1997,冒险,77
1997,剧情,784
1997,劇情 Drama,1
1997,动作,322
1997,动画,110
1997,历史,29
1997,古装,6
1997,同性,19
1997,喜剧,473
1997,奇幻,59
1997,家庭,79
1997,恐怖,129
1997,悬念,1
1997,悬疑,105
1997,情色,32
1997,惊悚,228
1997,惊栗,3
1997,戏曲,1
1997,战争,29
1997,歌舞,44
1997,武侠,2
1997,灾难,4
1997,爱情,278
1997,犯罪,247
1997,真人秀,2
1997,科幻,107
1997,舞台艺术,1
1997,荒诞,1
1997,西部,3
1997,运动,21
1997,音乐,50
1997,鬼怪,1
1998,Reality-TV,1
1998,传记,30
1998,儿童,13
1998,冒险,93
1998,剧情,825
1998,动作,282
1998,动画,101
1998,历史,13
1998,古装,10
1998,同性,22
1998,喜剧,464
1998,奇幻,61
1998,家庭,78
1998,恐怖,146
1998,悬疑,118
1998,情色,36
1998,惊悚,225
1998,惊栗,9
1998,戏曲,4
1998,战争,31
1998,歌舞,40
1998,武侠,1
1998,灾难,6
1998,爱情,290
1998,犯罪,255
1998,真人秀,1
1998,科幻,105
1998,脱口秀,1
1998,荒诞,1
1998,西部,8
1998,运动,15
1998,音乐,51
1999,Adult,2
1999,传记,37
1999,儿童,9
1999,冒险,81
1999,剧情,892
1999,动作,322
1999,动画,115
1999,历史,30
1999,古装,4
1999,同性,12
1999,喜剧,517
1999,奇幻,61
1999,家庭,94
1999,恐怖,201
1999,悬念,1
1999,悬疑,109
1999,情色,29
1999,惊悚,298
1999,惊栗,6
1999,懸疑 Mystery,1
1999,戏曲,4
1999,战争,35
1999,歌舞,43
1999,武侠,3
1999,灾难,1
1999,爱情,317
1999,犯罪,231
1999,短片,2
1999,科幻,94
1999,舞台艺术,1
1999,西部,10
1999,运动,16
1999,音乐,67
1999,驚悚 Thriller,1
1999,鬼怪,1
2000,Adult,1
2000,传记,43
2000,儿童,8
2000,冒险,83
2000,剧情,1025
2000,动作,326
2000,动画,110
2000,历史,24
2000,古装,4
2000,同性,24
2000,喜剧,565
2000,奇幻,84
2000,家庭,90
2000,恐怖,238
2000,悬念,1
2000,悬疑,137
2000,情色,25
2000,惊悚,299
2000,惊栗,5
2000,懸疑 Mystery,1
2000,战争,33
2000,歌舞,45
2000,灾难,3
2000,爱情,387
2000,犯罪,282
2000,科幻,93
2000,脱口秀,1
2000,舞台艺术,2
2000,荒诞,2
2000,西部,10
2000,运动,15
2000,音乐,76
2000,鬼怪,2
2000,黑色电影,1
2001,Adult,1
2001,传记,29
2001,儿童,10
2001,冒险,113
2001,剧情,1069
2001,动作,350
2001,动画,106
2001,历史,42
2001,古装,20
2001,同性,18
2001,喜剧,597
2001,奇幻,83
2001,家庭,95
2001,恐怖,217
2001,悬念,1
2001,悬疑,169
2001,情色,19
2001,惊悚,285
2001,惊栗,2
2001,戏曲,1
2001,战争,56
2001,歌舞,53
2001,武侠,17
2001,灾难,2
2001,爱情,389
2001,犯罪,275
2001,真人秀,2
2001,科幻,115
2001,脱口秀,1
2001,舞台艺术,3
2001,西部,8
2001,运动,22
2001,音乐,75
2002,传记,41
2002,儿童,12
2002,冒险,118
2002,剧情,1111
2002,动作,338
2002,动画,116
2002,動畫 Animation,1
2002,历史,25
2002,古装,7
2002,同性,24
2002,喜剧,574
2002,奇幻,99
2002,家庭,114
2002,恐怖,260
2002,悬念,2
2002,悬疑,158
2002,情色,35
2002,惊悚,333
2002,惊栗,5
2002,戏曲,1
2002,战争,39
2002,歌舞,65
2002,武侠,3
2002,灾难,6
2002,爱情,408
2002,犯罪,283
2002,真人秀,2
2002,短片,1
2002,科幻,108
2002,脱口秀,1
2002,舞台艺术,1
2002,荒诞,1
2002,西部,11
2002,运动,24
2002,音乐,92
2002,鬼怪,1
2003,传记,37
2003,儿童,14
2003,冒险,134
2003,剧情,1142
2003,动作,427
2003,动画,145
2003,历史,31
2003,古装,15
2003,同性,18
2003,喜剧,683
2003,奇幻,101
2003,家庭,125
2003,恐怖,326
2003,悬念,1
2003,悬疑,168
2003,情色,29
2003,惊悚,336
2003,惊栗,1
2003,戏曲,2
2003,战争,49
2003,歌舞,64
2003,武侠,11
2003,灾难,5
2003,爱情,379
2003,犯罪,297
2003,真人秀,4
2003,科幻,115
2003,纪录片,1
2003,脱口秀,1
2003,舞台艺术,5
2003,西部,13
2003,运动,20
2003,音乐,120
2003,鬼怪,2
2004,传记,42
2004,傳記 Biography,1
2004,儿童,10
2004,冒险,129
2004,剧情,1160
2004,动作,388
2004,动画,148
2004,历史,31
2004,古装,16
2004,同性,26
2004,喜剧,690
2004,奇幻,93
2004,家庭,93
2004,恐怖,345
2004,悬疑,193
2004,情色,22
2004,惊悚,336
2004,惊栗,1
2004,戏曲,3
2004,战争,57
2004,歌舞,57
2004,武侠,2
2004,灾难,4
2004,爱情,394
2004,犯罪,288
2004,真人秀,1
2004,科幻,116
2004,紀錄片 Documentary,1
2004,脱口秀,1
2004,舞台艺术,1
2004,荒诞,1
2004,西部,13
2004,运动,22
2004,音乐,146
2004,鬼怪,2
2005,Adult,1
2005,Talk-Show,1
2005,传记,52
2005,儿童,14
2005,冒险,123
2005,剧情,1330
2005,动作,369
2005,动画,171
2005,历史,40
2005,古装,12
2005,同性,28
2005,喜剧,700
2005,奇幻,121
2005,家庭,113
2005,恐怖,426
2005,悬念,1
2005,悬疑,227
2005,情色,20
2005,惊悚,388
2005,戏曲,3
2005,战争,68
2005,歌舞,65
2005,武侠,4
2005,灾难,4
2005,爱情,430
2005,犯罪,303
2005,真人秀,1
2005,科幻,148
2005,纪录片,1
2005,脱口秀,1
2005,舞台艺术,3
2005,西部,8
2005,运动,33
2005,音乐,135
2005,鬼怪,2
2005,黑色电影,1
2006,传记,48
2006,儿童,17
2006,冒险,127
2006,剧情,1450
2006,动作,369
2006,动画,201
2006,历史,47
2006,古装,20
2006,同性,35
2006,喜剧,733
2006,奇幻,115
2006,家庭,121
2006,恐怖,493
2006,悬疑,225
2006,情色,24
2006,惊悚,469
2006,戏曲,4
2006,战争,63
2006,歌舞,64
2006,武侠,10
2006,灾难,13
2006,爱情,458
2006,犯罪,302
2006,科幻,140
2006,舞台艺术,3
2006,西部,9
2006,运动,32
2006,音乐,128
2006,鬼怪,1
2006,黑色电影,2
2007,Reality-TV,1
2007,传记,66
2007,儿童,19
2007,兒童 Kids,1
2007,冒险,110
2007,剧情,1524
2007,劇情 Drama,3
2007,动作,389
2007,动画,213
2007,動作 Action,1
2007,動畫 Animation,2
2007,历史,44
2007,古装,37
2007,同性,39
2007,喜剧,741
2007,喜劇 Comedy,2
2007,奇幻,111
2007,家庭,114
2007,恐怖,488
2007,悬疑,238
2007,情色,23
2007,惊悚,462
2007,愛情 Romance,1
2007,懸疑 Mystery,1
2007,戏曲,3
2007,战争,53
2007,歌舞,43
2007,武侠,15
2007,灾难,5
2007,爱情,448
2007,犯罪,343
2007,真人秀,1
2007,短片,2
2007,科幻,152
2007,舞台艺术,4
2007,西部,14
2007,运动,35
2007,音乐,119
2007,驚悚 Thriller,1
2007,鬼怪,1
2007,黑色电影,2
2008,Adult,3
2008,News,1
2008,传记,65
2008,傳記 Biography,1
2008,儿童,15
2008,冒险,135
2008,剧情,1541
2008,劇情 Drama,1
2008,动作,399
2008,动画,179
2008,历史,52
2008,古装,7
2008,同性,33
2008,喜剧,682
2008,奇幻,114
2008,家庭,128
2008,恐怖,466
2008,悬疑,188
2008,情色,36
2008,惊悚,494
2008,戏曲,4
2008,战争,58
2008,歌舞,56
2008,武侠,2
2008,灾难,12
2008,爱情,417
2008,犯罪,297
2008,真人秀,1
2008,短片,1
2008,科幻,159
2008,纪录片,1
2008,脱口秀,1
2008,舞台艺术,17
2008,西部,19
2008,运动,41
2008,音乐,129
2009,Adult,1
2009,News,1
2009,Reality-TV,2
2009,传记,66
2009,儿童,29
2009,冒险,167
2009,剧情,1860
2009,动作,492
2009,动画,216
2009,動畫 Animation,2
2009,历史,68
2009,古装,25
2009,同性,48
2009,喜剧,860
2009,奇幻,135
2009,家庭,148
2009,恐怖,549
2009,悬疑,302
2009,情色,27
2009,惊悚,605
2009,愛情 Romance,1
2009,戏曲,3
2009,战争,73
2009,歌舞,65
2009,武侠,7
2009,灾难,14
2009,爱情,471
2009,犯罪,354
2009,真人秀,2
2009,科幻,234
2009,纪录片,1
2009,舞台艺术,7
2009,西部,20
2009,运动,37
2009,音乐,149
2009,音樂 Music,1
2009,鬼怪,5
2009,黑色电影,2
2010,News,2
2010,传记,88
2010,儿童,39
2010,冒险,184
2010,剧情,1984
2010,动作,581
2010,动画,292
2010,動畫 Animation,3
2010,历史,69
2010,古装,34
2010,同性,55
2010,喜剧,956
2010,奇幻,130
2010,家庭,136
2010,恐怖,625
2010,悬疑,290
2010,情色,30
2010,惊悚,687
2010,戏曲,6
2010,战争,76
2010,歌舞,81
2010,武侠,11
2010,灾难,12
2010,爱情,559
2010,犯罪,355
2010,真人秀,2
2010,短片,2
2010,科幻,275
2010,纪录片,2
2010,脱口秀,5
2010,舞台艺术,11
2010,西部,28
2010,运动,32
2010,音乐,123
2010,鬼怪,3
2010,黑色电影,2
2011,传记,73
2011,儿童,46
2011,冒险,135
2011,剧情,1838
2011,动作,495
2011,动画,298
2011,動畫 Animation,7
2011,历史,64
2011,古装,26
2011,同性,91
2011,喜剧,807
2011,奇幻,125
2011,家庭,131
2011,恐怖,573
2011,悬疑,278
2011,情色,51
2011,惊悚,581
2011,戏曲,7
2011,战争,70
2011,歌舞,73
2011,武侠,14
2011,灾难,9
2011,爱情,508
2011,犯罪,293
2011,真人秀,1
2011,短片,3
2011,科幻,222
2011,紀錄片 Documentary,1
2011,纪录片,2
2011,脱口秀,1
2011,舞台艺术,11
2011,西部,15
2011,运动,38
2011,音乐,98
2011,音樂 Music,1
2011,鬼怪,5
2011,黑色电影,5
2012,传记,72
2012,儿童,47
2012,冒险,137
2012,剧情,1965
2012,劇情 Drama,1
2012,动作,467
2012,动画,309
2012,動作 Action,1
2012,動畫 Animation,7
2012,历史,77
2012,古装,24
2012,同性,106
2012,喜剧,831
2012,奇幻,133
2012,家庭,143
2012,恐怖,546
2012,悬疑,277
2012,情色,53
2012,惊悚,532
2012,戏曲,7
2012,战争,78
2012,歌舞,63
2012,武侠,12
2012,灾难,18
2012,爱情,607
2012,犯罪,314
2012,真人秀,4
2012,短片,6
2012,科幻,221
2012,紀錄片 Documentary,1
2012,纪录片,7
2012,脱口秀,5
2012,舞台艺术,11
2012,西部,9
2012,运动,25
2012,音乐,128
2012,鬼怪,2
2012,黑色电影,8
2013,News,1
2013,传记,94
2013,儿童,57
2013,冒险,149
2013,剧情,2036
2013,劇情 Drama,1
2013,动作,500
2013,动画,315
2013,動作 Action,1
2013,動畫 Animation,11
2013,历史,62
2013,古装,23
2013,同性,119
2013,喜剧,835
2013,奇幻,111
2013,家庭,152
2013,恐怖,622
2013,悬疑,305
2013,情色,43
2013,惊悚,632
2013,戏曲,8
2013,战争,56
2013,歌舞,87
2013,武侠,2
2013,灾难,13
2013,爱情,617
2013,犯罪,357
2013,真人秀,1
2013,短片,6
2013,科幻,262
2013,纪录片,6
2013,脱口秀,5
2013,舞台艺术,13
2013,西部,10
2013,运动,25
2013,音乐,119
2013,鬼怪,4
2013,黑色电影,8
2014,Reality-TV,1
2014,传记,96
2014,傳記 Biography,1
2014,儿童,41
2014,冒险,155
2014,剧情,2180
2014,劇情 Drama,3
2014,动作,494
2014,动画,342
2014,動畫 Animation,19
2014,历史,65
2014,古装,29
2014,同性,122
2014,喜剧,956
2014,奇幻,137
2014,家庭,169
2014,恐怖,746
2014,悬疑,370
2014,情色,67
2014,惊悚,650
2014,戏曲,8
2014,战争,61
2014,歌舞,93
2014,武侠,10
2014,歷史 History,1
2014,灾难,15
2014,爱情,734
2014,犯罪,342
2014,真人秀,10
2014,短片,3
2014,科幻,254
2014,纪录片,2
2014,脱口秀,7
2014,舞台艺术,2
2014,西部,14
2014,运动,28
2014,音乐,120
2014,驚悚 Thriller,1
2014,鬼怪,3
2014,黑色电影,3
2015,传记,89
2015,儿童,43
2015,冒险,190
2015,剧情,2118
2015,动作,534
2015,动画,359
2015,動畫 Animation,21
2015,历史,78
2015,古装,42
2015,同性,133
2015,喜剧,965
2015,奇幻,161
2015,家庭,124
2015,恐怖,875
2015,悬疑,369
2015,情色,44
2015,惊悚,711
2015,戏曲,8
2015,战争,70
2015,歌舞,73
2015,武侠,19
2015,灾难,2
2015,爱情,683
2015,犯罪,325
2015,真人秀,12
2015,短片,1
2015,科幻,261
2015,纪录片,1
2015,脱口秀,10
2015,西部,12
2015,运动,34
2015,音乐,131
2015,黑色电影,9
2016,传记,114
2016,儿童,51
2016,冒险,191
2016,剧情,2457
2016,劇情 Drama,2
2016,动作,745
2016,动画,349
2016,動畫 Animation,2
2016,历史,75
2016,古装,49
2016,同性,158
2016,喜剧,1239
2016,奇幻,253
2016,家庭,152
2016,恐怖,1053
2016,悬疑,593
2016,情色,68
2016,惊悚,904
2016,戏曲,10
2016,战争,79
2016,歌舞,102
2016,武侠,24
2016,灾难,13
2016,爱情,990
2016,犯罪,466
2016,真人秀,20
2016,短片,1
2016,科幻,359
2016,紀錄片 Documentary,1
2016,脱口秀,8
2016,西部,20
2016,运动,50
2016,音乐,133
2016,音樂 Music,1
2016,黑色电影,19
2017,传记,96
2017,儿童,51
2017,兒童 Kids,1
2017,冒险,237
2017,剧情,2638
2017,劇情 Drama,1
2017,动作,832
2017,动画,293
2017,動畫 Animation,10
2017,历史,71
2017,古装,90
2017,同性,127
2017,喜剧,1249
2017,喜劇 Comedy,1
2017,奇幻,334
2017,家庭,144
2017,恐怖,1261
2017,悬疑,615
2017,情色,68
2017,惊悚,848
2017,戏曲,6
2017,战争,88
2017,歌舞,76
2017,武侠,50
2017,灾难,13
2017,爱情,1054
2017,犯罪,474
2017,真人秀,16
2017,短片,1
2017,科幻,392
2017,紀錄片 Documentary,1
2017,纪录片,3
2017,脱口秀,7
2017,西部,17
2017,运动,42
2017,音乐,118
2017,音樂 Music,1
2017,黑色电影,9
2018,传记,108
2018,儿童,58
2018,冒险,235
2018,剧情,2382
2018,动作,778
2018,动画,299
2018,動畫 Animation,11
2018,历史,100
2018,古装,124
2018,同性,84
2018,喜剧,1029
2018,奇幻,294
2018,家庭,127
2018,恐怖,853
2018,悬疑,529
2018,情色,33
2018,惊悚,677
2018,戏曲,12
2018,战争,70
2018,歌舞,121
2018,武侠,72
2018,灾难,11
2018,爱情,795
2018,犯罪,389
2018,真人秀,36
2018,短片,1
2018,科幻,369
2018,脱口秀,5
2018,西部,18
2018,运动,39
2018,音乐,153
2018,黑色电影,4
2019,传记,107
2019,儿童,34
2019,冒险,182
2019,剧情,1415
2019,动作,614
2019,动画,236
2019,動畫 Animation,17
2019,历史,66
2019,古装,90
2019,同性,39
2019,喜剧,629
2019,喜劇 Comedy,1
2019,奇幻,199
2019,家庭,70
2019,恐怖,424
2019,悬疑,297
2019,情色,5
2019,惊悚,413
2019,戏曲,8
2019,战争,70
2019,歌舞,76
2019,武侠,57
2019,灾难,14
2019,爱情,516
2019,犯罪,264
2019,真人秀,25
2019,短片,1
2019,科幻,212
2019,纪录片,1
2019,脱口秀,4
2019,西部,9
2019,运动,36
2019,音乐,75
2019,黑色电影,2
